train_csv,test_csv,model,R2,MAE,RMSE,n_samples,n_folds,fold_details,range_details
prc2-c930.csv,prc2-c930.csv,tcn,0.1523483395576477,4.161219596862793,5.342811189691378,5983,10,"[{'fold': 1, 'n_samples': 904, 'r2': 0.3502609133720398, 'mae': 3.317244291305542, 'rmse': 4.129948970673392}, {'fold': 2, 'n_samples': 445, 'r2': -0.6478550434112549, 'mae': 4.273041725158691, 'rmse': 5.319711973381296}, {'fold': 3, 'n_samples': 556, 'r2': 0.04553490877151489, 'mae': 4.618334770202637, 'rmse': 5.6097185885044105}, {'fold': 4, 'n_samples': 458, 'r2': 0.03211188316345215, 'mae': 3.751772403717041, 'rmse': 4.748188476459564}, {'fold': 5, 'n_samples': 597, 'r2': 0.17913126945495605, 'mae': 4.250112533569336, 'rmse': 5.5394965299031975}, {'fold': 6, 'n_samples': 598, 'r2': -0.4372386932373047, 'mae': 4.489443302154541, 'rmse': 5.888759003812303}, {'fold': 7, 'n_samples': 619, 'r2': 0.13466471433639526, 'mae': 4.0559306144714355, 'rmse': 5.325635938325394}, {'fold': 8, 'n_samples': 574, 'r2': 0.2750762701034546, 'mae': 4.367576599121094, 'rmse': 5.482192602415613}, {'fold': 9, 'n_samples': 721, 'r2': 0.3359525203704834, 'mae': 4.704453945159912, 'rmse': 6.060747660225406}, {'fold': 10, 'n_samples': 511, 'r2': 0.151727557182312, 'mae': 4.067815780639648, 'rmse': 5.34619013526477}]","[{'train_csv': 'prc2-c930.csv', 'test_csv': 'prc2-c930.csv', 'model': 'tcn', 'spo2_range': '[70, 80)', 'n_samples': 295, 'MAE': 10.107836723327637, 'R2': -23.935449600219727}, {'train_csv': 'prc2-c930.csv', 'test_csv': 'prc2-c930.csv', 'model': 'tcn', 'spo2_range': '[80, 90)', 'n_samples': 1207, 'MAE': 4.694182395935059, 'R2': -2.995589017868042}, {'train_csv': 'prc2-c930.csv', 'test_csv': 'prc2-c930.csv', 'model': 'tcn', 'spo2_range': '[90, 100]', 'n_samples': 4481, 'MAE': 3.6261744499206543, 'R2': -1.866739273071289}]"
prc2-c930.csv,prc2-i16.csv,tcn,-0.2307966947555542,4.645486831665039,5.791360128875944,4620,10,"[{'fold': 1, 'n_samples': 647, 'r2': 0.22136962413787842, 'mae': 3.6256649494171143, 'rmse': 4.693681227260194}, {'fold': 2, 'n_samples': 343, 'r2': -3.174837112426758, 'mae': 5.692606449127197, 'rmse': 6.624696544679011}, {'fold': 3, 'n_samples': 381, 'r2': -0.07548701763153076, 'mae': 4.842065334320068, 'rmse': 5.661383054268471}, {'fold': 4, 'n_samples': 349, 'r2': -2.1646950244903564, 'mae': 3.5303468704223633, 'rmse': 4.219514904615629}, {'fold': 5, 'n_samples': 459, 'r2': -0.0015703439712524414, 'mae': 3.934650182723999, 'rmse': 5.444669359885554}, {'fold': 6, 'n_samples': 459, 'r2': -0.9531466960906982, 'mae': 5.241580009460449, 'rmse': 6.555376528147049}, {'fold': 7, 'n_samples': 467, 'r2': -0.00876760482788086, 'mae': 4.220664978027344, 'rmse': 5.320689452677262}, {'fold': 8, 'n_samples': 478, 'r2': 0.011448562145233154, 'mae': 4.5739593505859375, 'rmse': 5.986875803352332}, {'fold': 9, 'n_samples': 644, 'r2': 0.188055157661438, 'mae': 4.854798316955566, 'rmse': 5.980852091118777}, {'fold': 10, 'n_samples': 393, 'r2': -2.6748464107513428, 'mae': 6.593074798583984, 'rmse': 7.222539790417906}]","[{'train_csv': 'prc2-c930.csv', 'test_csv': 'prc2-i16.csv', 'model': 'tcn', 'spo2_range': '[70, 80)', 'n_samples': 155, 'MAE': 11.163707733154297, 'R2': -27.773738861083984}, {'train_csv': 'prc2-c930.csv', 'test_csv': 'prc2-i16.csv', 'model': 'tcn', 'spo2_range': '[80, 90)', 'n_samples': 612, 'MAE': 4.019890308380127, 'R2': -1.9783532619476318}, {'train_csv': 'prc2-c930.csv', 'test_csv': 'prc2-i16.csv', 'model': 'tcn', 'spo2_range': '[90, 100]', 'n_samples': 3853, 'MAE': 4.482637405395508, 'R2': -3.131955146789551}]"
prc2-c930.csv,prc2-i16m.csv,tcn,-0.07217419147491455,4.466132640838623,5.544301642288557,4568,10,"[{'fold': 1, 'n_samples': 734, 'r2': -0.43112969398498535, 'mae': 5.046778202056885, 'rmse': 6.038130082449212}, {'fold': 2, 'n_samples': 347, 'r2': -0.35856056213378906, 'mae': 3.4931280612945557, 'rmse': 4.141247972372188}, {'fold': 3, 'n_samples': 398, 'r2': 0.057285189628601074, 'mae': 4.394730567932129, 'rmse': 5.234451521129103}, {'fold': 4, 'n_samples': 346, 'r2': -1.3255336284637451, 'mae': 3.335592746734619, 'rmse': 4.164501517737189}, {'fold': 5, 'n_samples': 422, 'r2': 0.31952494382858276, 'mae': 3.0461018085479736, 'rmse': 4.299518008165458}, {'fold': 6, 'n_samples': 457, 'r2': -0.37154924869537354, 'mae': 4.093935966491699, 'rmse': 5.3904652447455375}, {'fold': 7, 'n_samples': 451, 'r2': 0.24897915124893188, 'mae': 3.8531155586242676, 'rmse': 4.814660120106461}, {'fold': 8, 'n_samples': 432, 'r2': 0.09900170564651489, 'mae': 4.844448566436768, 'rmse': 6.246274829789959}, {'fold': 9, 'n_samples': 641, 'r2': 0.20497941970825195, 'mae': 5.451056957244873, 'rmse': 6.275488797181833}, {'fold': 10, 'n_samples': 340, 'r2': -2.4556522369384766, 'mae': 6.178112983703613, 'rmse': 7.105517067936321}]","[{'train_csv': 'prc2-c930.csv', 'test_csv': 'prc2-i16m.csv', 'model': 'tcn', 'spo2_range': '[70, 80)', 'n_samples': 159, 'MAE': 10.487258911132812, 'R2': -19.330835342407227}, {'train_csv': 'prc2-c930.csv', 'test_csv': 'prc2-i16m.csv', 'model': 'tcn', 'spo2_range': '[80, 90)', 'n_samples': 705, 'MAE': 3.826629400253296, 'R2': -1.9102602005004883}, {'train_csv': 'prc2-c930.csv', 'test_csv': 'prc2-i16m.csv', 'model': 'tcn', 'spo2_range': '[90, 100]', 'n_samples': 3704, 'MAE': 4.3293867111206055, 'R2': -2.9437148571014404}]"
prc2-c930.csv,prc2-s9360.csv,tcn,0.04333019256591797,4.2052693367004395,5.4418580578984646,4122,10,"[{'fold': 1, 'n_samples': 702, 'r2': -0.07376492023468018, 'mae': 3.867316961288452, 'rmse': 5.115918370470294}, {'fold': 2, 'n_samples': 226, 'r2': -1.119093418121338, 'mae': 4.206324577331543, 'rmse': 4.984288134161758}, {'fold': 3, 'n_samples': 400, 'r2': 0.4236108660697937, 'mae': 3.4575018882751465, 'rmse': 4.205076764253147}, {'fold': 4, 'n_samples': 309, 'r2': -0.44805967807769775, 'mae': 2.8651556968688965, 'rmse': 3.3395848937971944}, {'fold': 5, 'n_samples': 392, 'r2': 0.2630411982536316, 'mae': 3.5282833576202393, 'rmse': 4.3935163758679145}, {'fold': 6, 'n_samples': 393, 'r2': -1.5710463523864746, 'mae': 5.062225341796875, 'rmse': 6.467393520969489}, {'fold': 7, 'n_samples': 424, 'r2': 0.031122803688049316, 'mae': 4.386047840118408, 'rmse': 5.616633487380798}, {'fold': 8, 'n_samples': 440, 'r2': 0.08123147487640381, 'mae': 4.773463249206543, 'rmse': 6.857879684233876}, {'fold': 9, 'n_samples': 566, 'r2': 0.33594411611557007, 'mae': 4.857573509216309, 'rmse': 6.0490624071718235}, {'fold': 10, 'n_samples': 270, 'r2': -1.3216538429260254, 'mae': 4.882838249206543, 'rmse': 5.701374610989352}]","[{'train_csv': 'prc2-c930.csv', 'test_csv': 'prc2-s9360.csv', 'model': 'tcn', 'spo2_range': '[70, 80)', 'n_samples': 180, 'MAE': 10.446370124816895, 'R2': -21.137531280517578}, {'train_csv': 'prc2-c930.csv', 'test_csv': 'prc2-s9360.csv', 'model': 'tcn', 'spo2_range': '[80, 90)', 'n_samples': 602, 'MAE': 4.071024417877197, 'R2': -1.9643445014953613}, {'train_csv': 'prc2-c930.csv', 'test_csv': 'prc2-s9360.csv', 'model': 'tcn', 'spo2_range': '[90, 100]', 'n_samples': 3340, 'MAE': 3.8931195735931396, 'R2': -2.431389331817627}]"
prc2-c930.csv,prc2-s9380.csv,tcn,-0.17431366443634033,4.4054412841796875,5.64379202150097,4155,10,"[{'fold': 1, 'n_samples': 679, 'r2': -0.14407753944396973, 'mae': 4.117071628570557, 'rmse': 5.271712138176539}, {'fold': 2, 'n_samples': 254, 'r2': -1.3265233039855957, 'mae': 3.919746160507202, 'rmse': 4.832069341313584}, {'fold': 3, 'n_samples': 383, 'r2': 0.1931440830230713, 'mae': 4.1258111000061035, 'rmse': 5.086146759087912}, {'fold': 4, 'n_samples': 340, 'r2': -0.5511105060577393, 'mae': 3.001400947570801, 'rmse': 3.5803671396059533}, {'fold': 5, 'n_samples': 321, 'r2': -0.06380462646484375, 'mae': 3.636542797088623, 'rmse': 4.617508259070362}, {'fold': 6, 'n_samples': 418, 'r2': -0.11155486106872559, 'mae': 3.9824090003967285, 'rmse': 4.924152731267544}, {'fold': 7, 'n_samples': 460, 'r2': -0.05723297595977783, 'mae': 4.138540744781494, 'rmse': 5.733835137755784}, {'fold': 8, 'n_samples': 384, 'r2': -0.05711555480957031, 'mae': 4.937425136566162, 'rmse': 6.551691946237891}, {'fold': 9, 'n_samples': 535, 'r2': 0.03798413276672363, 'mae': 5.4771599769592285, 'rmse': 6.892085813655614}, {'fold': 10, 'n_samples': 381, 'r2': -2.9547853469848633, 'mae': 6.1702961921691895, 'rmse': 7.113781043671831}]","[{'train_csv': 'prc2-c930.csv', 'test_csv': 'prc2-s9380.csv', 'model': 'tcn', 'spo2_range': '[70, 80)', 'n_samples': 126, 'MAE': 13.163251876831055, 'R2': -28.12809944152832}, {'train_csv': 'prc2-c930.csv', 'test_csv': 'prc2-s9380.csv', 'model': 'tcn', 'spo2_range': '[80, 90)', 'n_samples': 555, 'MAE': 5.617421627044678, 'R2': -4.4458770751953125}, {'train_csv': 'prc2-c930.csv', 'test_csv': 'prc2-s9380.csv', 'model': 'tcn', 'spo2_range': '[90, 100]', 'n_samples': 3474, 'MAE': 3.894176721572876, 'R2': -2.4295308589935303}]"
prc2-i16.csv,prc2-c930.csv,tcn,0.0021994709968566895,4.500820636749268,5.796728908620711,5983,10,"[{'fold': 1, 'n_samples': 904, 'r2': 0.37476152181625366, 'mae': 3.2285706996917725, 'rmse': 4.0513340012817265}, {'fold': 2, 'n_samples': 445, 'r2': -0.7274104356765747, 'mae': 4.594304084777832, 'rmse': 5.446611334349627}, {'fold': 3, 'n_samples': 556, 'r2': 0.10314476490020752, 'mae': 4.176472187042236, 'rmse': 5.437787453956727}, {'fold': 4, 'n_samples': 458, 'r2': -0.19966495037078857, 'mae': 3.9723050594329834, 'rmse': 5.286221303151577}, {'fold': 5, 'n_samples': 597, 'r2': -0.07159316539764404, 'mae': 4.76466703414917, 'rmse': 6.329194004517967}, {'fold': 6, 'n_samples': 598, 'r2': -0.22330081462860107, 'mae': 4.2603254318237305, 'rmse': 5.432828101946788}, {'fold': 7, 'n_samples': 619, 'r2': 0.015939652919769287, 'mae': 4.393560886383057, 'rmse': 5.679238827704763}, {'fold': 8, 'n_samples': 574, 'r2': -0.1587764024734497, 'mae': 5.685907363891602, 'rmse': 6.931192641025205}, {'fold': 9, 'n_samples': 721, 'r2': 0.11987406015396118, 'mae': 5.6779279708862305, 'rmse': 6.97748705642358}, {'fold': 10, 'n_samples': 511, 'r2': -0.13574612140655518, 'mae': 4.607808589935303, 'rmse': 6.186105898621914}]","[{'train_csv': 'prc2-i16.csv', 'test_csv': 'prc2-c930.csv', 'model': 'tcn', 'spo2_range': '[70, 80)', 'n_samples': 295, 'MAE': 12.464322090148926, 'R2': -33.91263198852539}, {'train_csv': 'prc2-i16.csv', 'test_csv': 'prc2-c930.csv', 'model': 'tcn', 'spo2_range': '[80, 90)', 'n_samples': 1207, 'MAE': 5.972812175750732, 'R2': -5.202802658081055}, {'train_csv': 'prc2-i16.csv', 'test_csv': 'prc2-c930.csv', 'model': 'tcn', 'spo2_range': '[90, 100]', 'n_samples': 4481, 'MAE': 3.5800602436065674, 'R2': -1.6789684295654297}]"
prc2-i16.csv,prc2-i16.csv,tcn,-0.10174012184143066,4.258387565612793,5.479324319212834,4620,10,"[{'fold': 1, 'n_samples': 647, 'r2': 0.06684190034866333, 'mae': 3.861706256866455, 'rmse': 5.138371956517491}, {'fold': 2, 'n_samples': 343, 'r2': -1.4021797180175781, 'mae': 4.293204307556152, 'rmse': 5.025149230259431}, {'fold': 3, 'n_samples': 381, 'r2': 0.2671968340873718, 'mae': 3.548844814300537, 'rmse': 4.673192071416768}, {'fold': 4, 'n_samples': 349, 'r2': -0.9108420610427856, 'mae': 2.5812697410583496, 'rmse': 3.2787553295771352}, {'fold': 5, 'n_samples': 459, 'r2': -0.019617795944213867, 'mae': 4.322170257568359, 'rmse': 5.493504590139592}, {'fold': 6, 'n_samples': 459, 'r2': -0.3528890609741211, 'mae': 4.072701930999756, 'rmse': 5.455835931017057}, {'fold': 7, 'n_samples': 467, 'r2': 0.025300800800323486, 'mae': 3.8965823650360107, 'rmse': 5.230071618955547}, {'fold': 8, 'n_samples': 478, 'r2': -0.435443639755249, 'mae': 5.744847297668457, 'rmse': 7.214291735785533}, {'fold': 9, 'n_samples': 644, 'r2': 0.02349764108657837, 'mae': 5.495797634124756, 'rmse': 6.558982269612104}, {'fold': 10, 'n_samples': 393, 'r2': -0.43723154067993164, 'mae': 3.794914484024048, 'rmse': 4.516829702853008}]","[{'train_csv': 'prc2-i16.csv', 'test_csv': 'prc2-i16.csv', 'model': 'tcn', 'spo2_range': '[70, 80)', 'n_samples': 155, 'MAE': 13.044225692749023, 'R2': -36.63014221191406}, {'train_csv': 'prc2-i16.csv', 'test_csv': 'prc2-i16.csv', 'model': 'tcn', 'spo2_range': '[80, 90)', 'n_samples': 612, 'MAE': 5.68582820892334, 'R2': -4.313961029052734}, {'train_csv': 'prc2-i16.csv', 'test_csv': 'prc2-i16.csv', 'model': 'tcn', 'spo2_range': '[90, 100]', 'n_samples': 3853, 'MAE': 3.6782162189483643, 'R2': -1.869703769683838}]"
prc2-i16.csv,prc2-i16m.csv,tcn,0.017554879188537598,4.172781944274902,5.307235083560717,4568,10,"[{'fold': 1, 'n_samples': 734, 'r2': 0.2268962264060974, 'mae': 3.6072020530700684, 'rmse': 4.437944416841276}, {'fold': 2, 'n_samples': 347, 'r2': -0.2874791622161865, 'mae': 3.297048807144165, 'rmse': 4.0314553378542195}, {'fold': 3, 'n_samples': 398, 'r2': 0.372408390045166, 'mae': 3.3793530464172363, 'rmse': 4.27090183606298}, {'fold': 4, 'n_samples': 346, 'r2': -0.5754647254943848, 'mae': 2.7464230060577393, 'rmse': 3.42772575007818}, {'fold': 5, 'n_samples': 422, 'r2': 0.1442199945449829, 'mae': 3.5298986434936523, 'rmse': 4.821639658833267}, {'fold': 6, 'n_samples': 457, 'r2': -0.41177892684936523, 'mae': 4.07520055770874, 'rmse': 5.4689491453695815}, {'fold': 7, 'n_samples': 451, 'r2': 0.2213861346244812, 'mae': 4.159937858581543, 'rmse': 4.902309317296906}, {'fold': 8, 'n_samples': 432, 'r2': -0.4373852014541626, 'mae': 6.650171279907227, 'rmse': 7.889431521359737}, {'fold': 9, 'n_samples': 641, 'r2': 0.1824595332145691, 'mae': 5.090480804443359, 'rmse': 6.363748532086939}, {'fold': 10, 'n_samples': 340, 'r2': -1.028928279876709, 'mae': 4.7360968589782715, 'rmse': 5.444575474691243}]","[{'train_csv': 'prc2-i16.csv', 'test_csv': 'prc2-i16m.csv', 'model': 'tcn', 'spo2_range': '[70, 80)', 'n_samples': 159, 'MAE': 12.216974258422852, 'R2': -25.243066787719727}, {'train_csv': 'prc2-i16.csv', 'test_csv': 'prc2-i16m.csv', 'model': 'tcn', 'spo2_range': '[80, 90)', 'n_samples': 705, 'MAE': 5.107554912567139, 'R2': -3.9949045181274414}, {'train_csv': 'prc2-i16.csv', 'test_csv': 'prc2-i16m.csv', 'model': 'tcn', 'spo2_range': '[90, 100]', 'n_samples': 3704, 'MAE': 3.649552822113037, 'R2': -1.8554930686950684}]"
prc2-i16.csv,prc2-s9360.csv,tcn,-0.09556245803833008,4.355104923248291,5.823509045144255,4122,10,"[{'fold': 1, 'n_samples': 702, 'r2': 0.038360655307769775, 'mae': 3.560602903366089, 'rmse': 4.841446064023096}, {'fold': 2, 'n_samples': 226, 'r2': -0.09421586990356445, 'mae': 3.2367212772369385, 'rmse': 3.581620553703372}, {'fold': 3, 'n_samples': 400, 'r2': 0.1014750599861145, 'mae': 4.292285919189453, 'rmse': 5.250263207513405}, {'fold': 4, 'n_samples': 309, 'r2': 0.03880476951599121, 'mae': 2.166912078857422, 'rmse': 2.720852882661636}, {'fold': 5, 'n_samples': 392, 'r2': -0.0635077953338623, 'mae': 3.802821159362793, 'rmse': 5.277897961681421}, {'fold': 6, 'n_samples': 393, 'r2': -0.647303581237793, 'mae': 3.6070780754089355, 'rmse': 5.176797328036082}, {'fold': 7, 'n_samples': 424, 'r2': -0.19817113876342773, 'mae': 4.953075408935547, 'rmse': 6.2459877868787}, {'fold': 8, 'n_samples': 440, 'r2': -0.13783681392669678, 'mae': 5.157358646392822, 'rmse': 7.631796637474788}, {'fold': 9, 'n_samples': 566, 'r2': -0.18400752544403076, 'mae': 6.958985328674316, 'rmse': 8.077239528507182}, {'fold': 10, 'n_samples': 270, 'r2': -0.7394815683364868, 'mae': 4.139980316162109, 'rmse': 4.935040984287928}]","[{'train_csv': 'prc2-i16.csv', 'test_csv': 'prc2-s9360.csv', 'model': 'tcn', 'spo2_range': '[70, 80)', 'n_samples': 180, 'MAE': 13.848962783813477, 'R2': -33.68944549560547}, {'train_csv': 'prc2-i16.csv', 'test_csv': 'prc2-s9360.csv', 'model': 'tcn', 'spo2_range': '[80, 90)', 'n_samples': 602, 'MAE': 5.948795318603516, 'R2': -4.682015419006348}, {'train_csv': 'prc2-i16.csv', 'test_csv': 'prc2-s9360.csv', 'model': 'tcn', 'spo2_range': '[90, 100]', 'n_samples': 3340, 'MAE': 3.5562140941619873, 'R2': -2.008810043334961}]"
prc2-i16.csv,prc2-s9380.csv,tcn,-0.22222530841827393,4.540203094482422,5.757773410866297,4155,10,"[{'fold': 1, 'n_samples': 679, 'r2': 0.22676444053649902, 'mae': 3.6277217864990234, 'rmse': 4.333909778889914}, {'fold': 2, 'n_samples': 254, 'r2': -1.4900496006011963, 'mae': 4.4328293800354, 'rmse': 4.999003692546228}, {'fold': 3, 'n_samples': 383, 'r2': 0.10525864362716675, 'mae': 4.398412227630615, 'rmse': 5.355988525275772}, {'fold': 4, 'n_samples': 340, 'r2': -1.0755133628845215, 'mae': 2.9139389991760254, 'rmse': 4.141607894838651}, {'fold': 5, 'n_samples': 321, 'r2': -0.18848776817321777, 'mae': 3.901388168334961, 'rmse': 4.880609854753941}, {'fold': 6, 'n_samples': 418, 'r2': -0.9370548725128174, 'mae': 4.95515251159668, 'rmse': 6.500354463742487}, {'fold': 7, 'n_samples': 460, 'r2': -0.00977778434753418, 'mae': 4.573822975158691, 'rmse': 5.603672539956149}, {'fold': 8, 'n_samples': 384, 'r2': -0.21636509895324707, 'mae': 5.530248165130615, 'rmse': 7.027877880618218}, {'fold': 9, 'n_samples': 535, 'r2': -0.3394341468811035, 'mae': 6.691903114318848, 'rmse': 8.13242833881954}, {'fold': 10, 'n_samples': 381, 'r2': -0.5843100547790527, 'mae': 3.8548853397369385, 'rmse': 4.502555968992085}]","[{'train_csv': 'prc2-i16.csv', 'test_csv': 'prc2-s9380.csv', 'model': 'tcn', 'spo2_range': '[70, 80)', 'n_samples': 126, 'MAE': 13.851326942443848, 'R2': -32.403038024902344}, {'train_csv': 'prc2-i16.csv', 'test_csv': 'prc2-s9380.csv', 'model': 'tcn', 'spo2_range': '[80, 90)', 'n_samples': 555, 'MAE': 6.252772331237793, 'R2': -5.765713214874268}, {'train_csv': 'prc2-i16.csv', 'test_csv': 'prc2-s9380.csv', 'model': 'tcn', 'spo2_range': '[90, 100]', 'n_samples': 3474, 'MAE': 3.9288971424102783, 'R2': -2.2512729167938232}]"
prc2-i16m.csv,prc2-c930.csv,tcn,-0.026591897010803223,4.425078868865967,5.879765627076108,5983,10,"[{'fold': 1, 'n_samples': 904, 'r2': 0.4059085249900818, 'mae': 3.2222437858581543, 'rmse': 3.9491339881018783}, {'fold': 2, 'n_samples': 445, 'r2': -0.49372243881225586, 'mae': 4.11177396774292, 'rmse': 5.064814662423223}, {'fold': 3, 'n_samples': 556, 'r2': 0.0965380072593689, 'mae': 4.067404747009277, 'rmse': 5.457779698528596}, {'fold': 4, 'n_samples': 458, 'r2': -0.7837474346160889, 'mae': 4.683716297149658, 'rmse': 6.44587740185433}, {'fold': 5, 'n_samples': 597, 'r2': -0.6365348100662231, 'mae': 5.9582200050354, 'rmse': 7.821608215976336}, {'fold': 6, 'n_samples': 598, 'r2': -0.401943564414978, 'mae': 4.27990198135376, 'rmse': 5.816002887499485}, {'fold': 7, 'n_samples': 619, 'r2': -0.027628302574157715, 'mae': 4.509378433227539, 'rmse': 5.803597472415379}, {'fold': 8, 'n_samples': 574, 'r2': 0.05881381034851074, 'mae': 4.455018997192383, 'rmse': 6.246631782838739}, {'fold': 9, 'n_samples': 721, 'r2': 0.2458464503288269, 'mae': 5.13846492767334, 'rmse': 6.458869796950166}, {'fold': 10, 'n_samples': 511, 'r2': 0.09038490056991577, 'mae': 4.219610214233398, 'rmse': 5.5361206679009936}]","[{'train_csv': 'prc2-i16m.csv', 'test_csv': 'prc2-c930.csv', 'model': 'tcn', 'spo2_range': '[70, 80)', 'n_samples': 295, 'MAE': 12.753946304321289, 'R2': -37.58552551269531}, {'train_csv': 'prc2-i16m.csv', 'test_csv': 'prc2-c930.csv', 'model': 'tcn', 'spo2_range': '[80, 90)', 'n_samples': 1207, 'MAE': 6.9097089767456055, 'R2': -6.834963321685791}, {'train_csv': 'prc2-i16m.csv', 'test_csv': 'prc2-c930.csv', 'model': 'tcn', 'spo2_range': '[90, 100]', 'n_samples': 4481, 'MAE': 3.207501173019409, 'R2': -1.204463243484497}]"
prc2-i16m.csv,prc2-i16.csv,tcn,-0.08626234531402588,4.1393256187438965,5.440700071672529,4620,10,"[{'fold': 1, 'n_samples': 647, 'r2': -0.10772049427032471, 'mae': 4.558934688568115, 'rmse': 5.59838828326861}, {'fold': 2, 'n_samples': 343, 'r2': -0.6570463180541992, 'mae': 3.6938669681549072, 'rmse': 4.173626135730129}, {'fold': 3, 'n_samples': 381, 'r2': 0.264409601688385, 'mae': 3.5102503299713135, 'rmse': 4.682070830515371}, {'fold': 4, 'n_samples': 349, 'r2': -0.9839195013046265, 'mae': 2.8615221977233887, 'rmse': 3.3408627032077463}, {'fold': 5, 'n_samples': 459, 'r2': -0.23859679698944092, 'mae': 4.16499662399292, 'rmse': 6.054743888346294}, {'fold': 6, 'n_samples': 459, 'r2': -0.2297992706298828, 'mae': 3.860983371734619, 'rmse': 5.201724302067698}, {'fold': 7, 'n_samples': 467, 'r2': 0.00133436918258667, 'mae': 3.902017116546631, 'rmse': 5.293981071031926}, {'fold': 8, 'n_samples': 478, 'r2': -0.1966937780380249, 'mae': 4.569049835205078, 'rmse': 6.587068037604534}, {'fold': 9, 'n_samples': 644, 'r2': 0.021687567234039307, 'mae': 5.423661231994629, 'rmse': 6.56505832759516}, {'fold': 10, 'n_samples': 393, 'r2': -0.3310936689376831, 'mae': 3.5317296981811523, 'rmse': 4.346850050546772}]","[{'train_csv': 'prc2-i16m.csv', 'test_csv': 'prc2-i16.csv', 'model': 'tcn', 'spo2_range': '[70, 80)', 'n_samples': 155, 'MAE': 12.957656860351562, 'R2': -38.079898834228516}, {'train_csv': 'prc2-i16m.csv', 'test_csv': 'prc2-i16.csv', 'model': 'tcn', 'spo2_range': '[80, 90)', 'n_samples': 612, 'MAE': 5.760761260986328, 'R2': -4.505588531494141}, {'train_csv': 'prc2-i16m.csv', 'test_csv': 'prc2-i16.csv', 'model': 'tcn', 'spo2_range': '[90, 100]', 'n_samples': 3853, 'MAE': 3.527033567428589, 'R2': -1.7235162258148193}]"
prc2-i16m.csv,prc2-i16m.csv,tcn,0.16374671459197998,3.7564640045166016,4.896469962209542,4568,10,"[{'fold': 1, 'n_samples': 734, 'r2': 0.16052311658859253, 'mae': 3.7365057468414307, 'rmse': 4.624526953347372}, {'fold': 2, 'n_samples': 347, 'r2': -0.41141796112060547, 'mae': 3.4277825355529785, 'rmse': 4.221040909016498}, {'fold': 3, 'n_samples': 398, 'r2': 0.4519071578979492, 'mae': 3.162181854248047, 'rmse': 3.9912421195182097}, {'fold': 4, 'n_samples': 346, 'r2': -0.524278998374939, 'mae': 2.6137702465057373, 'rmse': 3.371583693032266}, {'fold': 5, 'n_samples': 422, 'r2': 0.31840622425079346, 'mae': 3.1860973834991455, 'rmse': 4.303050870679348}, {'fold': 6, 'n_samples': 457, 'r2': -0.07446444034576416, 'mae': 3.4094417095184326, 'rmse': 4.7710786226119275}, {'fold': 7, 'n_samples': 451, 'r2': 0.43171876668930054, 'mae': 3.063217878341675, 'rmse': 4.188141047816008}, {'fold': 8, 'n_samples': 432, 'r2': 0.01338261365890503, 'mae': 4.793452739715576, 'rmse': 6.536322709053215}, {'fold': 9, 'n_samples': 641, 'r2': 0.2689805030822754, 'mae': 4.915999412536621, 'rmse': 6.017593339196931}, {'fold': 10, 'n_samples': 340, 'r2': -0.9266749620437622, 'mae': 4.583804607391357, 'rmse': 5.3056048357118994}]","[{'train_csv': 'prc2-i16m.csv', 'test_csv': 'prc2-i16m.csv', 'model': 'tcn', 'spo2_range': '[70, 80)', 'n_samples': 159, 'MAE': 10.507054328918457, 'R2': -20.45954704284668}, {'train_csv': 'prc2-i16m.csv', 'test_csv': 'prc2-i16m.csv', 'model': 'tcn', 'spo2_range': '[80, 90)', 'n_samples': 705, 'MAE': 4.757590293884277, 'R2': -3.3855438232421875}, {'train_csv': 'prc2-i16m.csv', 'test_csv': 'prc2-i16m.csv', 'model': 'tcn', 'spo2_range': '[90, 100]', 'n_samples': 3704, 'MAE': 3.2761354446411133, 'R2': -1.436631441116333}]"
prc2-i16m.csv,prc2-s9360.csv,tcn,0.023414909839630127,4.065120220184326,5.498208881383128,4122,10,"[{'fold': 1, 'n_samples': 702, 'r2': 0.10250163078308105, 'mae': 3.3772494792938232, 'rmse': 4.6771987640251345}, {'fold': 2, 'n_samples': 226, 'r2': -0.7071032524108887, 'mae': 3.721890926361084, 'rmse': 4.473608403700329}, {'fold': 3, 'n_samples': 400, 'r2': 0.24942797422409058, 'mae': 3.6626062393188477, 'rmse': 4.798574140485721}, {'fold': 4, 'n_samples': 309, 'r2': -0.40951013565063477, 'mae': 2.515082836151123, 'rmse': 3.2948327270097657}, {'fold': 5, 'n_samples': 392, 'r2': -0.47995638847351074, 'mae': 4.7975754737854, 'rmse': 6.226085840836194}, {'fold': 6, 'n_samples': 393, 'r2': -0.633785605430603, 'mae': 3.491424322128296, 'rmse': 5.1555129015645225}, {'fold': 7, 'n_samples': 424, 'r2': -0.11171889305114746, 'mae': 4.569634437561035, 'rmse': 6.016434731420379}, {'fold': 8, 'n_samples': 440, 'r2': -0.23373103141784668, 'mae': 5.312911510467529, 'rmse': 7.946887135018262}, {'fold': 9, 'n_samples': 566, 'r2': 0.4040323495864868, 'mae': 4.977332592010498, 'rmse': 5.7305602812006615}, {'fold': 10, 'n_samples': 270, 'r2': -0.26998305320739746, 'mae': 3.54477596282959, 'rmse': 4.216769057125127}]","[{'train_csv': 'prc2-i16m.csv', 'test_csv': 'prc2-s9360.csv', 'model': 'tcn', 'spo2_range': '[70, 80)', 'n_samples': 180, 'MAE': 13.110591888427734, 'R2': -33.224395751953125}, {'train_csv': 'prc2-i16m.csv', 'test_csv': 'prc2-s9360.csv', 'model': 'tcn', 'spo2_range': '[80, 90)', 'n_samples': 602, 'MAE': 6.67155647277832, 'R2': -5.517236709594727}, {'train_csv': 'prc2-i16m.csv', 'test_csv': 'prc2-s9360.csv', 'model': 'tcn', 'spo2_range': '[90, 100]', 'n_samples': 3340, 'MAE': 3.1078567504882812, 'R2': -1.218949794769287}]"
prc2-i16m.csv,prc2-s9380.csv,tcn,-0.41932451725006104,4.699001312255859,6.204685889200402,4155,10,"[{'fold': 1, 'n_samples': 679, 'r2': -1.4598603248596191, 'mae': 6.257997989654541, 'rmse': 7.729994764634663}, {'fold': 2, 'n_samples': 254, 'r2': -2.8850111961364746, 'mae': 5.0589704513549805, 'rmse': 6.244182473174593}, {'fold': 3, 'n_samples': 383, 'r2': -0.02232956886291504, 'mae': 4.375720977783203, 'rmse': 5.725143110993595}, {'fold': 4, 'n_samples': 340, 'r2': -1.4963529109954834, 'mae': 3.3440017700195312, 'rmse': 4.542126040310248}, {'fold': 5, 'n_samples': 321, 'r2': -0.9607563018798828, 'mae': 5.021833419799805, 'rmse': 6.268859789296721}, {'fold': 6, 'n_samples': 418, 'r2': -0.10790872573852539, 'mae': 3.75146222114563, 'rmse': 4.916069942836588}, {'fold': 7, 'n_samples': 460, 'r2': -0.1810452938079834, 'mae': 4.559594631195068, 'rmse': 6.060285970153476}, {'fold': 8, 'n_samples': 384, 'r2': -0.4149646759033203, 'mae': 4.729890823364258, 'rmse': 7.579927147588171}, {'fold': 9, 'n_samples': 535, 'r2': 0.12501519918441772, 'mae': 5.556607246398926, 'rmse': 6.572942363932615}, {'fold': 10, 'n_samples': 381, 'r2': -0.051784634590148926, 'mae': 2.9153084754943848, 'rmse': 3.6686175242848287}]","[{'train_csv': 'prc2-i16m.csv', 'test_csv': 'prc2-s9380.csv', 'model': 'tcn', 'spo2_range': '[70, 80)', 'n_samples': 126, 'MAE': 14.42673397064209, 'R2': -36.68181610107422}, {'train_csv': 'prc2-i16m.csv', 'test_csv': 'prc2-s9380.csv', 'model': 'tcn', 'spo2_range': '[80, 90)', 'n_samples': 555, 'MAE': 7.667457580566406, 'R2': -7.670566558837891}, {'train_csv': 'prc2-i16m.csv', 'test_csv': 'prc2-s9380.csv', 'model': 'tcn', 'spo2_range': '[90, 100]', 'n_samples': 3474, 'MAE': 3.871946334838867, 'R2': -2.6553895473480225}]"
prc2-s9360.csv,prc2-c930.csv,tcn,-0.03750050067901611,4.7528605461120605,5.910922669551677,5983,10,"[{'fold': 1, 'n_samples': 904, 'r2': 0.2649645209312439, 'mae': 3.417109727859497, 'rmse': 4.3926777775351304}, {'fold': 2, 'n_samples': 445, 'r2': -1.1810312271118164, 'mae': 5.0619120597839355, 'rmse': 6.120114616367938}, {'fold': 3, 'n_samples': 556, 'r2': -0.22163498401641846, 'mae': 5.005073547363281, 'rmse': 6.346463229234022}, {'fold': 4, 'n_samples': 458, 'r2': -0.46499788761138916, 'mae': 4.953370571136475, 'rmse': 5.841627418868727}, {'fold': 5, 'n_samples': 597, 'r2': 0.0759422779083252, 'mae': 4.836185932159424, 'rmse': 5.877369504296889}, {'fold': 6, 'n_samples': 598, 'r2': -0.33911454677581787, 'mae': 4.347965717315674, 'rmse': 5.684185026159959}, {'fold': 7, 'n_samples': 619, 'r2': -0.03358626365661621, 'mae': 4.448500156402588, 'rmse': 5.820397375115212}, {'fold': 8, 'n_samples': 574, 'r2': 0.2964133620262146, 'mae': 4.329368591308594, 'rmse': 5.400909785172157}, {'fold': 9, 'n_samples': 721, 'r2': -0.02484893798828125, 'mae': 6.57291316986084, 'rmse': 7.529333860155595}, {'fold': 10, 'n_samples': 511, 'r2': -0.0671776533126831, 'mae': 5.0454864501953125, 'rmse': 5.996461778709624}]","[{'train_csv': 'prc2-s9360.csv', 'test_csv': 'prc2-c930.csv', 'model': 'tcn', 'spo2_range': '[70, 80)', 'n_samples': 295, 'MAE': 10.311297416687012, 'R2': -24.023775100708008}, {'train_csv': 'prc2-s9360.csv', 'test_csv': 'prc2-c930.csv', 'model': 'tcn', 'spo2_range': '[80, 90)', 'n_samples': 1207, 'MAE': 4.96724796295166, 'R2': -3.449899196624756}, {'train_csv': 'prc2-s9360.csv', 'test_csv': 'prc2-c930.csv', 'model': 'tcn', 'spo2_range': '[90, 100]', 'n_samples': 4481, 'MAE': 4.32918119430542, 'R2': -2.886660099029541}]"
prc2-s9360.csv,prc2-i16.csv,tcn,-0.2981224060058594,4.7265520095825195,5.947647899249523,4620,10,"[{'fold': 1, 'n_samples': 647, 'r2': -0.13522589206695557, 'mae': 4.423714637756348, 'rmse': 5.667467659082674}, {'fold': 2, 'n_samples': 343, 'r2': -1.3116960525512695, 'mae': 4.1416144371032715, 'rmse': 4.92959909012194}, {'fold': 3, 'n_samples': 381, 'r2': -0.3646254539489746, 'mae': 4.918158531188965, 'rmse': 6.377150827237807}, {'fold': 4, 'n_samples': 349, 'r2': -1.5084118843078613, 'mae': 3.012190341949463, 'rmse': 3.756609369183429}, {'fold': 5, 'n_samples': 459, 'r2': -0.1350874900817871, 'mae': 4.357135772705078, 'rmse': 5.796227760889276}, {'fold': 6, 'n_samples': 459, 'r2': -0.4568028450012207, 'mae': 4.1574788093566895, 'rmse': 5.661488167673326}, {'fold': 7, 'n_samples': 467, 'r2': -0.36242008209228516, 'mae': 5.227830410003662, 'rmse': 6.1834071330613}, {'fold': 8, 'n_samples': 478, 'r2': -0.06536781787872314, 'mae': 4.655569076538086, 'rmse': 6.215132845059571}, {'fold': 9, 'n_samples': 644, 'r2': -0.04767739772796631, 'mae': 5.547194957733154, 'rmse': 6.793812730599588}, {'fold': 10, 'n_samples': 393, 'r2': -2.1757941246032715, 'mae': 6.3142991065979, 'rmse': 6.714234720053847}]","[{'train_csv': 'prc2-s9360.csv', 'test_csv': 'prc2-i16.csv', 'model': 'tcn', 'spo2_range': '[70, 80)', 'n_samples': 155, 'MAE': 12.865551948547363, 'R2': -34.65278625488281}, {'train_csv': 'prc2-s9360.csv', 'test_csv': 'prc2-i16.csv', 'model': 'tcn', 'spo2_range': '[80, 90)', 'n_samples': 612, 'MAE': 4.727326393127441, 'R2': -3.1494626998901367}, {'train_csv': 'prc2-s9360.csv', 'test_csv': 'prc2-i16.csv', 'model': 'tcn', 'spo2_range': '[90, 100]', 'n_samples': 3853, 'MAE': 4.399010181427002, 'R2': -3.0198349952697754}]"
prc2-s9360.csv,prc2-i16m.csv,tcn,-0.27947330474853516,4.788761138916016,6.056612282261964,4568,10,"[{'fold': 1, 'n_samples': 734, 'r2': -0.056673645973205566, 'mae': 4.053158760070801, 'rmse': 5.188399455213559}, {'fold': 2, 'n_samples': 347, 'r2': -0.40265989303588867, 'mae': 3.4471354484558105, 'rmse': 4.207924297333525}, {'fold': 3, 'n_samples': 398, 'r2': -0.39508330821990967, 'mae': 4.8971147537231445, 'rmse': 6.367677859281206}, {'fold': 4, 'n_samples': 346, 'r2': -2.2948570251464844, 'mae': 4.11835241317749, 'rmse': 4.957012395920606}, {'fold': 5, 'n_samples': 422, 'r2': -0.042325377464294434, 'mae': 3.9308393001556396, 'rmse': 5.321270513335949}, {'fold': 6, 'n_samples': 457, 'r2': -0.11262249946594238, 'mae': 3.7661492824554443, 'rmse': 4.855058427138918}, {'fold': 7, 'n_samples': 451, 'r2': -0.22631394863128662, 'mae': 5.210400581359863, 'rmse': 6.152341889880671}, {'fold': 8, 'n_samples': 432, 'r2': -0.1412210464477539, 'mae': 6.118870258331299, 'rmse': 7.029816477131422}, {'fold': 9, 'n_samples': 641, 'r2': -0.10591602325439453, 'mae': 5.547016143798828, 'rmse': 7.401494942264779}, {'fold': 10, 'n_samples': 340, 'r2': -3.1804556846618652, 'mae': 7.061943531036377, 'rmse': 7.815242926689728}]","[{'train_csv': 'prc2-s9360.csv', 'test_csv': 'prc2-i16m.csv', 'model': 'tcn', 'spo2_range': '[70, 80)', 'n_samples': 159, 'MAE': 12.257643699645996, 'R2': -26.001859664916992}, {'train_csv': 'prc2-s9360.csv', 'test_csv': 'prc2-i16m.csv', 'model': 'tcn', 'spo2_range': '[80, 90)', 'n_samples': 705, 'MAE': 4.489696025848389, 'R2': -3.8009557723999023}, {'train_csv': 'prc2-s9360.csv', 'test_csv': 'prc2-i16m.csv', 'model': 'tcn', 'spo2_range': '[90, 100]', 'n_samples': 3704, 'MAE': 4.5250701904296875, 'R2': -3.3341994285583496}]"
prc2-s9360.csv,prc2-s9360.csv,tcn,-0.12011504173278809,4.701827526092529,5.888402706845744,4122,10,"[{'fold': 1, 'n_samples': 702, 'r2': -0.25401806831359863, 'mae': 4.420402526855469, 'rmse': 5.528672819450546}, {'fold': 2, 'n_samples': 226, 'r2': -1.4687833786010742, 'mae': 4.581493854522705, 'rmse': 5.379842661432356}, {'fold': 3, 'n_samples': 400, 'r2': 0.0574532151222229, 'mae': 4.289893627166748, 'rmse': 5.377339585809898}, {'fold': 4, 'n_samples': 309, 'r2': -1.1380577087402344, 'mae': 3.3261520862579346, 'rmse': 4.057971484419201}, {'fold': 5, 'n_samples': 392, 'r2': 0.13316750526428223, 'mae': 3.7874443531036377, 'rmse': 4.764948762536144}, {'fold': 6, 'n_samples': 393, 'r2': -0.34188830852508545, 'mae': 3.4253504276275635, 'rmse': 4.672319371960636}, {'fold': 7, 'n_samples': 424, 'r2': -0.16534972190856934, 'mae': 4.975568771362305, 'rmse': 6.159845996269217}, {'fold': 8, 'n_samples': 440, 'r2': -0.4058758020401001, 'mae': 7.666803359985352, 'rmse': 8.483210868426152}, {'fold': 9, 'n_samples': 566, 'r2': 0.23661935329437256, 'mae': 5.005635738372803, 'rmse': 6.485691754954378}, {'fold': 10, 'n_samples': 270, 'r2': -1.4414520263671875, 'mae': 5.005889892578125, 'rmse': 5.846621210899525}]","[{'train_csv': 'prc2-s9360.csv', 'test_csv': 'prc2-s9360.csv', 'model': 'tcn', 'spo2_range': '[70, 80)', 'n_samples': 180, 'MAE': 10.785152435302734, 'R2': -19.471446990966797}, {'train_csv': 'prc2-s9360.csv', 'test_csv': 'prc2-s9360.csv', 'model': 'tcn', 'spo2_range': '[80, 90)', 'n_samples': 602, 'MAE': 5.2478132247924805, 'R2': -3.977968692779541}, {'train_csv': 'prc2-s9360.csv', 'test_csv': 'prc2-s9360.csv', 'model': 'tcn', 'spo2_range': '[90, 100]', 'n_samples': 3340, 'MAE': 4.275575637817383, 'R2': -2.94760799407959}]"
prc2-s9360.csv,prc2-s9380.csv,tcn,-0.19542419910430908,4.409035682678223,5.694294989053805,4155,10,"[{'fold': 1, 'n_samples': 679, 'r2': -0.06000864505767822, 'mae': 4.098273754119873, 'rmse': 5.0743296363702}, {'fold': 2, 'n_samples': 254, 'r2': -1.4984550476074219, 'mae': 4.022607326507568, 'rmse': 5.007434086777663}, {'fold': 3, 'n_samples': 383, 'r2': 0.02244323492050171, 'mae': 4.144862174987793, 'rmse': 5.598373633320381}, {'fold': 4, 'n_samples': 340, 'r2': -1.3864192962646484, 'mae': 3.3398091793060303, 'rmse': 4.440987734170599}, {'fold': 5, 'n_samples': 321, 'r2': -0.6582375764846802, 'mae': 4.83960485458374, 'rmse': 5.765010645940104}, {'fold': 6, 'n_samples': 418, 'r2': -0.19223296642303467, 'mae': 3.9366204738616943, 'rmse': 5.099723449389575}, {'fold': 7, 'n_samples': 460, 'r2': -0.1040794849395752, 'mae': 4.602706432342529, 'rmse': 5.859492511842462}, {'fold': 8, 'n_samples': 384, 'r2': 0.03901630640029907, 'mae': 4.310272693634033, 'rmse': 6.246694377293526}, {'fold': 9, 'n_samples': 535, 'r2': -0.08648252487182617, 'mae': 5.7950544357299805, 'rmse': 7.32438098778648}, {'fold': 10, 'n_samples': 381, 'r2': -1.2861933708190918, 'mae': 4.515204429626465, 'rmse': 5.408732643531579}]","[{'train_csv': 'prc2-s9360.csv', 'test_csv': 'prc2-s9380.csv', 'model': 'tcn', 'spo2_range': '[70, 80)', 'n_samples': 126, 'MAE': 14.245841979980469, 'R2': -32.115238189697266}, {'train_csv': 'prc2-s9360.csv', 'test_csv': 'prc2-s9380.csv', 'model': 'tcn', 'spo2_range': '[80, 90)', 'n_samples': 555, 'MAE': 5.900613784790039, 'R2': -5.506892204284668}, {'train_csv': 'prc2-s9360.csv', 'test_csv': 'prc2-s9380.csv', 'model': 'tcn', 'spo2_range': '[90, 100]', 'n_samples': 3474, 'MAE': 3.8139688968658447, 'R2': -2.1862666606903076}]"
prc2-s9380.csv,prc2-c930.csv,tcn,0.007223904132843018,4.54997444152832,5.782115644651618,5983,10,"[{'fold': 1, 'n_samples': 904, 'r2': 0.09464132785797119, 'mae': 3.9141685962677, 'rmse': 4.875122460025404}, {'fold': 2, 'n_samples': 445, 'r2': -0.239030122756958, 'mae': 3.7687337398529053, 'rmse': 4.612852278491961}, {'fold': 3, 'n_samples': 556, 'r2': 0.017190396785736084, 'mae': 4.202861785888672, 'rmse': 5.692404508263038}, {'fold': 4, 'n_samples': 458, 'r2': 0.16496282815933228, 'mae': 3.4046390056610107, 'rmse': 4.41030134801996}, {'fold': 5, 'n_samples': 597, 'r2': 0.2403300404548645, 'mae': 4.115694046020508, 'rmse': 5.329002509473201}, {'fold': 6, 'n_samples': 598, 'r2': -0.3656439781188965, 'mae': 4.5069684982299805, 'rmse': 5.740214106058975}, {'fold': 7, 'n_samples': 619, 'r2': 0.08210909366607666, 'mae': 3.707557439804077, 'rmse': 5.4849769718378765}, {'fold': 8, 'n_samples': 574, 'r2': -0.06922376155853271, 'mae': 5.479320526123047, 'rmse': 6.657979391316506}, {'fold': 9, 'n_samples': 721, 'r2': -0.14172089099884033, 'mae': 7.098864555358887, 'rmse': 7.947062341879712}, {'fold': 10, 'n_samples': 511, 'r2': 0.07714325189590454, 'mae': 4.697181701660156, 'rmse': 5.576270898584413}]","[{'train_csv': 'prc2-s9380.csv', 'test_csv': 'prc2-c930.csv', 'model': 'tcn', 'spo2_range': '[70, 80)', 'n_samples': 295, 'MAE': 10.887019157409668, 'R2': -25.437055587768555}, {'train_csv': 'prc2-s9380.csv', 'test_csv': 'prc2-c930.csv', 'model': 'tcn', 'spo2_range': '[80, 90)', 'n_samples': 1207, 'MAE': 4.469290256500244, 'R2': -2.8334641456604004}, {'train_csv': 'prc2-s9380.csv', 'test_csv': 'prc2-c930.csv', 'model': 'tcn', 'spo2_range': '[90, 100]', 'n_samples': 4481, 'MAE': 4.154517650604248, 'R2': -2.733452796936035}]"
prc2-s9380.csv,prc2-i16.csv,tcn,-0.4172677993774414,4.96058988571167,6.214602827177337,4620,10,"[{'fold': 1, 'n_samples': 647, 'r2': -0.013750314712524414, 'mae': 3.7798571586608887, 'rmse': 5.355665162962352}, {'fold': 2, 'n_samples': 343, 'r2': -1.402130126953125, 'mae': 4.244915962219238, 'rmse': 5.025097230188841}, {'fold': 3, 'n_samples': 381, 'r2': -0.15680277347564697, 'mae': 4.519404888153076, 'rmse': 5.871507296334409}, {'fold': 4, 'n_samples': 349, 'r2': -2.7576828002929688, 'mae': 4.02167272567749, 'rmse': 4.597869894011341}, {'fold': 5, 'n_samples': 459, 'r2': -0.04853487014770508, 'mae': 4.640351295471191, 'rmse': 5.570859649451485}, {'fold': 6, 'n_samples': 459, 'r2': -2.1738555431365967, 'mae': 7.107613563537598, 'rmse': 8.356488166102723}, {'fold': 7, 'n_samples': 467, 'r2': -0.1969090700149536, 'mae': 4.168159008026123, 'rmse': 5.795660421213236}, {'fold': 8, 'n_samples': 478, 'r2': -0.2263561487197876, 'mae': 5.31077241897583, 'rmse': 6.668204734126022}, {'fold': 9, 'n_samples': 644, 'r2': -0.372064471244812, 'mae': 6.863259792327881, 'rmse': 7.774761390091117}, {'fold': 10, 'n_samples': 393, 'r2': -0.5294939279556274, 'mae': 4.054862976074219, 'rmse': 4.6595527149390525}]","[{'train_csv': 'prc2-s9380.csv', 'test_csv': 'prc2-i16.csv', 'model': 'tcn', 'spo2_range': '[70, 80)', 'n_samples': 155, 'MAE': 13.432907104492188, 'R2': -38.48466110229492}, {'train_csv': 'prc2-s9380.csv', 'test_csv': 'prc2-i16.csv', 'model': 'tcn', 'spo2_range': '[80, 90)', 'n_samples': 612, 'MAE': 4.570152282714844, 'R2': -2.6490845680236816}, {'train_csv': 'prc2-s9380.csv', 'test_csv': 'prc2-i16.csv', 'model': 'tcn', 'spo2_range': '[90, 100]', 'n_samples': 3853, 'MAE': 4.681778907775879, 'R2': -3.535233974456787}]"
prc2-s9380.csv,prc2-i16m.csv,tcn,-0.08350479602813721,4.295496463775635,5.573520330610845,4568,10,"[{'fold': 1, 'n_samples': 734, 'r2': -0.09322118759155273, 'mae': 4.26979398727417, 'rmse': 5.277363086046646}, {'fold': 2, 'n_samples': 347, 'r2': -0.8444616794586182, 'mae': 4.126001834869385, 'rmse': 4.825324669227155}, {'fold': 3, 'n_samples': 398, 'r2': -0.27288639545440674, 'mae': 4.571255207061768, 'rmse': 6.082412266786451}, {'fold': 4, 'n_samples': 346, 'r2': -0.9223467111587524, 'mae': 2.8598403930664062, 'rmse': 3.7863223520634572}, {'fold': 5, 'n_samples': 422, 'r2': 0.26067304611206055, 'mae': 3.2012884616851807, 'rmse': 4.481588208831235}, {'fold': 6, 'n_samples': 457, 'r2': -0.39021849632263184, 'mae': 4.063828945159912, 'rmse': 5.427027999195576}, {'fold': 7, 'n_samples': 451, 'r2': 0.28609591722488403, 'mae': 3.47115421295166, 'rmse': 4.694177982409912}, {'fold': 8, 'n_samples': 432, 'r2': -0.01853311061859131, 'mae': 5.042110919952393, 'rmse': 6.641202008479462}, {'fold': 9, 'n_samples': 641, 'r2': 0.08161342144012451, 'mae': 5.359370708465576, 'rmse': 6.744831791074747}, {'fold': 10, 'n_samples': 340, 'r2': -1.7391026020050049, 'mae': 5.470761775970459, 'rmse': 6.326082328499458}]","[{'train_csv': 'prc2-s9380.csv', 'test_csv': 'prc2-i16m.csv', 'model': 'tcn', 'spo2_range': '[70, 80)', 'n_samples': 159, 'MAE': 12.78067398071289, 'R2': -27.193395614624023}, {'train_csv': 'prc2-s9380.csv', 'test_csv': 'prc2-i16m.csv', 'model': 'tcn', 'spo2_range': '[80, 90)', 'n_samples': 705, 'MAE': 5.12821102142334, 'R2': -4.058382511138916}, {'train_csv': 'prc2-s9380.csv', 'test_csv': 'prc2-i16m.csv', 'model': 'tcn', 'spo2_range': '[90, 100]', 'n_samples': 3704, 'MAE': 3.7727620601654053, 'R2': -2.268582582473755}]"
prc2-s9380.csv,prc2-s9360.csv,tcn,-2.1100876331329346,7.089524269104004,9.811886130405059,4122,10,"[{'fold': 1, 'n_samples': 702, 'r2': -15.686241149902344, 'mae': 19.601524353027344, 'rmse': 20.16732223748281}, {'fold': 2, 'n_samples': 226, 'r2': -1.1240496635437012, 'mae': 4.372073650360107, 'rmse': 4.99011359320564}, {'fold': 3, 'n_samples': 400, 'r2': 0.08129572868347168, 'mae': 4.158375263214111, 'rmse': 5.308891956074217}, {'fold': 4, 'n_samples': 309, 'r2': -0.5158154964447021, 'mae': 2.501199722290039, 'rmse': 3.416822631501612}, {'fold': 5, 'n_samples': 392, 'r2': 0.16123926639556885, 'mae': 3.5903329849243164, 'rmse': 4.687159004524106}, {'fold': 6, 'n_samples': 393, 'r2': -0.10973060131072998, 'mae': 3.661410093307495, 'rmse': 4.248964744588596}, {'fold': 7, 'n_samples': 424, 'r2': -0.16015410423278809, 'mae': 4.8033013343811035, 'rmse': 6.146098951214114}, {'fold': 8, 'n_samples': 440, 'r2': -0.1090078353881836, 'mae': 6.405737400054932, 'rmse': 7.534494294812656}, {'fold': 9, 'n_samples': 566, 'r2': 0.10380154848098755, 'mae': 5.776676654815674, 'rmse': 7.027289194740293}, {'fold': 10, 'n_samples': 270, 'r2': -0.6290905475616455, 'mae': 3.9532289505004883, 'rmse': 4.775880478773959}]","[{'train_csv': 'prc2-s9380.csv', 'test_csv': 'prc2-s9360.csv', 'model': 'tcn', 'spo2_range': '[70, 80)', 'n_samples': 180, 'MAE': 11.49865436553955, 'R2': -23.248661041259766}, {'train_csv': 'prc2-s9380.csv', 'test_csv': 'prc2-s9360.csv', 'model': 'tcn', 'spo2_range': '[80, 90)', 'n_samples': 602, 'MAE': 6.170497417449951, 'R2': -5.687520503997803}, {'train_csv': 'prc2-s9380.csv', 'test_csv': 'prc2-s9360.csv', 'model': 'tcn', 'spo2_range': '[90, 100]', 'n_samples': 3340, 'MAE': 7.017551898956299, 'R2': -12.993110656738281}]"
prc2-s9380.csv,prc2-s9380.csv,tcn,-0.7875523567199707,5.374252796173096,6.963191394275368,4155,10,"[{'fold': 1, 'n_samples': 679, 'r2': -1.2521095275878906, 'mae': 6.242434024810791, 'rmse': 7.3963714260586455}, {'fold': 2, 'n_samples': 254, 'r2': -1.2692747116088867, 'mae': 4.142923355102539, 'rmse': 4.772247815510683}, {'fold': 3, 'n_samples': 383, 'r2': -0.04292774200439453, 'mae': 4.157974720001221, 'rmse': 5.782531266381505}, {'fold': 4, 'n_samples': 340, 'r2': -0.46409475803375244, 'mae': 2.5029103755950928, 'rmse': 3.478490127906976}, {'fold': 5, 'n_samples': 321, 'r2': -0.028122782707214355, 'mae': 3.7374751567840576, 'rmse': 4.539408107606897}, {'fold': 6, 'n_samples': 418, 'r2': -0.11948621273040771, 'mae': 3.6637115478515625, 'rmse': 4.941689367815767}, {'fold': 7, 'n_samples': 460, 'r2': -3.8285775184631348, 'mae': 11.335431098937988, 'rmse': 12.253762426435221}, {'fold': 8, 'n_samples': 384, 'r2': 0.0032860636711120605, 'mae': 4.698513507843018, 'rmse': 6.361763170666481}, {'fold': 9, 'n_samples': 535, 'r2': 0.007164299488067627, 'mae': 5.410905361175537, 'rmse': 7.001615610327745}, {'fold': 10, 'n_samples': 381, 'r2': -1.8606979846954346, 'mae': 5.120962142944336, 'rmse': 6.050273718829083}]","[{'train_csv': 'prc2-s9380.csv', 'test_csv': 'prc2-s9380.csv', 'model': 'tcn', 'spo2_range': '[70, 80)', 'n_samples': 126, 'MAE': 12.034966468811035, 'R2': -25.136049270629883}, {'train_csv': 'prc2-s9380.csv', 'test_csv': 'prc2-s9380.csv', 'model': 'tcn', 'spo2_range': '[80, 90)', 'n_samples': 555, 'MAE': 5.470611572265625, 'R2': -4.503307342529297}, {'train_csv': 'prc2-s9380.csv', 'test_csv': 'prc2-s9380.csv', 'model': 'tcn', 'spo2_range': '[90, 100]', 'n_samples': 3474, 'MAE': 5.117278575897217, 'R2': -5.381418704986572}]"
